{"count":1,"self":1232.3918847999998,"total":2948.1328859,"children":{"InitializeActuators":{"count":4,"self":0.0019943,"total":0.0019943,"children":null},"InitializeSensors":{"count":4,"self":0.0019971999999999998,"total":0.0019971999999999998,"children":null},"AgentSendState":{"count":3500534,"self":10.370151199999999,"total":27.6932433,"children":{"CollectObservations":{"count":1000156,"self":2.3154255999999998,"total":2.3154257,"children":null},"WriteActionMask":{"count":1000156,"self":1.1646199,"total":1.1646199,"children":null},"RequestDecision":{"count":1000156,"self":4.0133752,"total":13.843046699999999,"children":{"AgentInfo.ToProto":{"count":1000156,"self":3.9279436,"total":9.8296713999999987,"children":{"GenerateSensorData":{"count":1000156,"self":5.9017279999999994,"total":5.9017279,"children":null}}}}}}},"DecideAction":{"count":3500534,"self":1682.0031488,"total":1682.0031496,"children":null},"AgentAct":{"count":3500534,"self":5.4795983999999995,"total":5.4795986,"children":null},"AgentInfo.ToProto":{"count":29151,"self":0.2382887,"total":0.5600352,"children":{"GenerateSensorData":{"count":29151,"self":0.3217465,"total":0.3217465,"children":null}}}},"gauges":{"FreeKick.CumulativeReward":{"count":29151,"max":1,"min":-1.3,"runningAverage":-0.424705625,"value":-0.3,"weightedAverage":-0.244024992}},"metadata":{"timer_format_version":"0.1.0","start_time_seconds":"1700221740","unity_version":"2022.3.8f1","command_line_arguments":"C:\\Program Files\\Unity\\Hub\\Editor\\2022.3.8f1\\Editor\\Unity.exe -projectpath C:\\Users\\nagyd\\Documents\\Egyetem\\FreeKick -useHub -hubIPC -cloudEnvironment production -licensingIpc LicenseClient-nagyd -hubSessionId 0625d342-83af-4a55-8a03-43db15c59d20 -accessToken IZf1YGeI-lhcKCJbB9JtXbqz-ce9YRiX7MOGeQ3h420007f","communication_protocol_version":"1.5.0","com.unity.ml-agents_version":"2.0.1","scene_name":"SampleScene","end_time_seconds":"1700224688"}}