{"count":1,"self":276.8754432,"total":727.39355619999992,"children":{"InitializeActuators":{"count":3,"self":0.00099399999999999987,"total":0.00099399999999999987,"children":null},"InitializeSensors":{"count":3,"self":0.001993,"total":0.001993,"children":null},"AgentSendState":{"count":286167,"self":2.1858564,"total":6.5889957,"children":{"CollectObservations":{"count":107313,"self":0.43825739999999996,"total":0.43825739999999996,"children":null},"WriteActionMask":{"count":107313,"self":0.21312209999999998,"total":0.21312209999999998,"children":null},"RequestDecision":{"count":107313,"self":1.0558197999999999,"total":3.7517598999999997,"children":{"AgentInfo.ToProto":{"count":107313,"self":1.0267431,"total":2.6959401,"children":{"GenerateSensorData":{"count":107313,"self":1.6691969999999998,"total":1.6691969999999998,"children":null}}}}}}},"DecideAction":{"count":286167,"self":438.1057024,"total":438.1057204,"children":null},"AgentAct":{"count":286167,"self":5.7200228,"total":5.7290002,"children":{"AgentInfo.ToProto":{"count":282,"self":0.0010056,"total":0.0089772999999999988,"children":{"GenerateSensorData":{"count":282,"self":0.0079717,"total":0.0079717,"children":null}}}}},"AgentInfo.ToProto":{"count":2337,"self":0.0350554,"total":0.089407099999999989,"children":{"GenerateSensorData":{"count":2337,"self":0.054351699999999996,"total":0.054351699999999996,"children":null}}}},"gauges":{"GoalShooting.CumulativeReward":{"count":2619,"max":4,"min":-4,"runningAverage":-1.39480793,"value":-2,"weightedAverage":-1.821429}},"metadata":{"timer_format_version":"0.1.0","start_time_seconds":"1699279758","unity_version":"2022.3.8f1","command_line_arguments":"C:\\Program Files\\Unity\\Hub\\Editor\\2022.3.8f1\\Editor\\Unity.exe -projectpath C:\\Users\\nagyd\\Documents\\Egyetem\\Szakdolgozat\\FreeKick -useHub -hubIPC -cloudEnvironment production -licensingIpc LicenseClient-nagyd -hubSessionId f7e87022-08ec-4b56-8c22-0be77b3eeef2 -accessToken z4hGbDqp3KTzNgHrZZaHkqnyYdM6o5IsYHtVUp4ZcpA007f","communication_protocol_version":"1.5.0","com.unity.ml-agents_version":"2.0.1","scene_name":"SampleScene","end_time_seconds":"1699280485"}}