{"count":1,"self":574.04318719999992,"total":1327.6432565,"children":{"InitializeActuators":{"count":4,"self":0.00099779999999999986,"total":0.00099779999999999986,"children":null},"InitializeSensors":{"count":4,"self":0.001003,"total":0.001003,"children":null},"AgentSendState":{"count":1755634,"self":4.977948,"total":12.4568047,"children":{"CollectObservations":{"count":501612,"self":0.9631422,"total":0.9631422,"children":null},"WriteActionMask":{"count":501612,"self":0.48480989999999996,"total":0.48480989999999996,"children":null},"RequestDecision":{"count":501612,"self":1.7432526,"total":6.0309045999999995,"children":{"AgentInfo.ToProto":{"count":501612,"self":1.7280795999999998,"total":4.287652,"children":{"GenerateSensorData":{"count":501612,"self":2.5595724,"total":2.5595725,"children":null}}}}}}},"DecideAction":{"count":1755634,"self":738.62405119999994,"total":738.6240597,"children":null},"AgentAct":{"count":1755634,"self":2.267254,"total":2.2672540999999997,"children":null},"AgentInfo.ToProto":{"count":13965,"self":0.1057201,"total":0.24895109999999998,"children":{"GenerateSensorData":{"count":13965,"self":0.143231,"total":0.143231,"children":null}}}},"gauges":{"FreeKick.CumulativeReward":{"count":13965,"max":1,"min":-1.88997555,"runningAverage":-0.702392757,"value":-1.08438981,"weightedAverage":-0.7929923}},"metadata":{"timer_format_version":"0.1.0","start_time_seconds":"1700079190","unity_version":"2022.3.8f1","command_line_arguments":"C:\\Program Files\\Unity\\Hub\\Editor\\2022.3.8f1\\Editor\\Unity.exe -projectpath C:\\Users\\nagyd\\Documents\\Egyetem\\FreeKick -useHub -hubIPC -cloudEnvironment production -licensingIpc LicenseClient-nagyd -hubSessionId 2cf58ab3-b938-4d7d-82d1-3cbcf56b505c -accessToken LVYSyZMp3CXOkym3lUZ4IdtJ4m-tgCc9O3XsUTWQdp0007f","communication_protocol_version":"1.5.0","com.unity.ml-agents_version":"2.0.1","scene_name":"SampleScene","end_time_seconds":"1700080518"}}